0,0,0
1,0.000705792,0.00262668
2,0.00295226,0.00431906
3,0.00581369,0.00481839
4,0.00884595,0.00495205
5,0.0119224,0.00498736
6,0.0150093,0.00499667
7,0.0180977,0.00499912
8,0.0211854,0.00499975
9,0.0242716,0.00499993
10,0.0273563,0.005
11,0.0304393,0.00500002
12,0.0335207,0.00500001
13,0.0366004,0.005
14,0.0396785,0.005
15,0.0427549,0.005
16,0.0458297,0.005
17,0.0489028,0.005
18,0.0519743,0.005
19,0.0550441,0.005
20,0.0581122,0.005
21,0.0611787,0.005
22,0.0642435,0.005
23,0.0673066,0.005
24,0.0703681,0.005
25,0.0734279,0.005
26,0.076486,0.005
27,0.0795424,0.005
28,0.0825971,0.005
29,0.0856502,0.005
30,0.0887015,0.005
31,0.0917512,0.005
32,0.0947992,0.005
33,0.0978455,0.005
34,0.10089,0.005
35,0.103933,0.005
36,0.106974,0.005
37,0.110014,0.005
38,0.113051,0.005
39,0.116087,0.005
40,0.119122,0.005
41,0.122154,0.005
42,0.125185,0.005
43,0.128214,0.005
44,0.131242,0.005
45,0.134268,0.005
46,0.137292,0.005
47,0.140314,0.005
48,0.143334,0.005
49,0.146353,0.005
50,0.14937,0.005
51,0.152385,0.005
52,0.155399,0.005
53,0.158411,0.005
54,0.161421,0.005
55,0.164429,0.005
56,0.167436,0.005
57,0.170441,0.005
58,0.173444,0.005
59,0.176445,0.005
60,0.179444,0.005
61,0.182442,0.005
62,0.185438,0.005
63,0.188432,0.005
64,0.191425,0.005
65,0.194415,0.005
66,0.197404,0.005
67,0.200391,0.005
68,0.203376,0.005
69,0.20636,0.005
70,0.209342,0.005
71,0.212322,0.005
72,0.2153,0.005
73,0.218276,0.005
74,0.22125,0.005
75,0.224223,0.005
76,0.227194,0.005
77,0.230163,0.005
78,0.23313,0.005
79,0.236096,0.005
80,0.239059,0.005
81,0.242021,0.005
82,0.244981,0.005
83,0.247939,0.005
84,0.250896,0.005
85,0.25385,0.005
86,0.256803,0.005
87,0.259754,0.005
88,0.262703,0.005
89,0.26565,0.005
90,0.268595,0.005
91,0.271538,0.005
92,0.27448,0.005
93,0.27742,0.005
94,0.280358,0.005
95,0.283294,0.005
96,0.286228,0.005
97,0.28916,0.005
98,0.29209,0.005
99,0.295019,0.005
100,0.297946,0.005
101,0.30087,0.005
102,0.303793,0.005
103,0.306714,0.005
104,0.309633,0.005
105,0.312551,0.005
106,0.315466,0.005
107,0.318379,0.005
108,0.321291,0.005
109,0.324201,0.005
110,0.327108,0.005
111,0.330014,0.005
112,0.332918,0.005
113,0.33582,0.005
114,0.33872,0.005
115,0.341619,0.005
116,0.344515,0.005
117,0.347409,0.005
118,0.350302,0.005
119,0.353192,0.005
120,0.356081,0.005
121,0.358967,0.005
122,0.361852,0.005
123,0.364735,0.005
124,0.367616,0.005
125,0.370495,0.005
126,0.373372,0.005
127,0.376247,0.005
128,0.37912,0.005
129,0.381991,0.005
130,0.38486,0.005
131,0.387727,0.005
132,0.390592,0.005
133,0.393455,0.005
134,0.396317,0.005
135,0.399176,0.005
136,0.402033,0.005
137,0.404888,0.005
138,0.407742,0.005
139,0.410593,0.005
140,0.413443,0.005
141,0.41629,0.005
142,0.419135,0.005
143,0.421979,0.005
144,0.42482,0.005
145,0.427659,0.005
146,0.430497,0.005
147,0.433332,0.005
148,0.436165,0.005
149,0.438997,0.005
150,0.441826,0.005
151,0.444653,0.005
152,0.447479,0.005
153,0.450302,0.005
154,0.453123,0.005
155,0.455942,0.005
156,0.458759,0.005
157,0.461575,0.005
158,0.464388,0.005
159,0.467199,0.005
160,0.470008,0.005
161,0.472815,0.005
162,0.475619,0.005
163,0.478422,0.005
164,0.481223,0.005
165,0.484022,0.005
166,0.486818,0.005
167,0.489613,0.005
168,0.492405,0.005
169,0.495196,0.005
170,0.497984,0.005
171,0.50077,0.005
172,0.503555,0.005
173,0.506337,0.005
174,0.509117,0.005
175,0.511895,0.005
176,0.51467,0.005
177,0.517444,0.005
178,0.520216,0.005
179,0.522985,0.005
180,0.525753,0.005
181,0.528518,0.005
182,0.531281,0.005
183,0.534042,0.005
184,0.536801,0.005
185,0.539558,0.005
186,0.542313,0.005
187,0.545065,0.005
188,0.547816,0.005
189,0.550564,0.005
190,0.55331,0.005
191,0.556054,0.005
192,0.558796,0.005
193,0.561536,0.005
194,0.564273,0.005
195,0.567009,0.005
196,0.569742,0.005
197,0.572473,0.005
198,0.575202,0.005
199,0.577929,0.005
200,0.580653,0.005
201,0.583376,0.005
202,0.586096,0.005
203,0.588814,0.005
204,0.59153,0.005
205,0.594243,0.005
206,0.596955,0.005
207,0.599664,0.005
208,0.602371,0.005
209,0.605076,0.005
210,0.607779,0.005
211,0.61048,0.005
212,0.613178,0.005
213,0.615874,0.005
214,0.618568,0.005
215,0.621259,0.005
216,0.623949,0.005
217,0.626636,0.005
218,0.629321,0.005
219,0.632004,0.005
220,0.634684,0.005
221,0.637363,0.005
222,0.640039,0.005
223,0.642713,0.005
224,0.645384,0.005
225,0.648054,0.005
226,0.650721,0.005
227,0.653385,0.005
228,0.656048,0.005
229,0.658708,0.005
230,0.661366,0.005
231,0.664022,0.005
232,0.666676,0.005
233,0.669327,0.005
234,0.671976,0.005
235,0.674623,0.005
236,0.677267,0.005
237,0.679909,0.005
238,0.682549,0.005
239,0.685186,0.005
240,0.687822,0.005
241,0.690455,0.005
242,0.693085,0.005
243,0.695714,0.005
244,0.69834,0.005
245,0.700963,0.005
246,0.703585,0.005
247,0.706204,0.005
248,0.708821,0.005
249,0.711435,0.005
250,0.714047,0.005
251,0.716657,0.005
252,0.719264,0.005
253,0.721869,0.005
254,0.724472,0.005
255,0.727073,0.005
256,0.729671,0.005
257,0.732266,0.005
258,0.73486,0.005
259,0.737451,0.005
260,0.740039,0.005
261,0.742626,0.005
262,0.74521,0.005
263,0.747791,0.005
264,0.75037,0.005
265,0.752947,0.005
266,0.755522,0.005
267,0.758094,0.005
268,0.760663,0.005
269,0.76323,0.005
270,0.765795,0.005
271,0.768358,0.005
272,0.770918,0.005
273,0.773476,0.005
274,0.776031,0.005
275,0.778584,0.005
276,0.781134,0.005
277,0.783682,0.005
278,0.786228,0.005
279,0.788771,0.005
280,0.791312,0.005
281,0.79385,0.005
282,0.796386,0.005
283,0.798919,0.005
284,0.80145,0.005
285,0.803979,0.005
286,0.806505,0.005
287,0.809029,0.005
288,0.81155,0.005
289,0.814069,0.005
290,0.816585,0.005
291,0.819099,0.005
292,0.821611,0.005
293,0.824119,0.005
294,0.826626,0.005
295,0.82913,0.005
296,0.831632,0.005
297,0.834131,0.005
298,0.836627,0.005
299,0.839121,0.005
300,0.841613,0.005
301,0.844102,0.005
302,0.846589,0.005
303,0.849073,0.005
304,0.851555,0.005
305,0.854034,0.005
306,0.85651,0.005
307,0.858984,0.005
308,0.861456,0.005
309,0.863925,0.005
310,0.866392,0.005
311,0.868856,0.005
312,0.871317,0.005
313,0.873776,0.005
314,0.876233,0.005
315,0.878687,0.005
316,0.881138,0.005
317,0.883587,0.005
318,0.886033,0.005
319,0.888477,0.005
320,0.890918,0.005
321,0.893356,0.005
322,0.895792,0.005
323,0.898226,0.005
324,0.900657,0.005
325,0.903085,0.005
326,0.905511,0.005
327,0.907934,0.005
328,0.910355,0.005
329,0.912773,0.005
330,0.915188,0.005
331,0.917601,0.005
332,0.920011,0.005
333,0.922419,0.005
334,0.924824,0.005
335,0.927226,0.005
336,0.929626,0.005
337,0.932023,0.005
338,0.934418,0.005
339,0.93681,0.005
340,0.939199,0.005
341,0.941586,0.005
342,0.94397,0.005
343,0.946352,0.005
344,0.948731,0.005
345,0.951107,0.005
346,0.953481,0.005
347,0.955851,0.005
348,0.95822,0.005
349,0.960585,0.005
350,0.962948,0.005
351,0.965309,0.005
352,0.967666,0.005
353,0.970021,0.005
354,0.972374,0.005
355,0.974724,0.005
356,0.977071,0.005
357,0.979416,0.005
358,0.981757,0.005
359,0.984097,0.005
360,0.986433,0.005
361,0.988767,0.005
362,0.991098,0.005
363,0.993426,0.005
364,0.995752,0.005
365,0.998075,0.005
366,1.00039,0.005
367,1.00271,0.005
368,1.00503,0.005
369,1.00734,0.005
370,1.00965,0.005
371,1.01196,0.005
372,1.01426,0.005
373,1.01656,0.005
374,1.01886,0.005
375,1.02116,0.005
376,1.02345,0.005
377,1.02574,0.005
378,1.02803,0.005
379,1.03031,0.005
380,1.03259,0.005
381,1.03487,0.005
382,1.03715,0.005
383,1.03942,0.005
384,1.04169,0.005
385,1.04396,0.005
386,1.04623,0.005
387,1.04849,0.005
388,1.05075,0.005
389,1.05301,0.005
390,1.05526,0.005
391,1.05751,0.005
392,1.05976,0.005
393,1.06201,0.005
394,1.06425,0.005
395,1.06649,0.005
396,1.06873,0.005
397,1.07097,0.005
398,1.0732,0.005
399,1.07543,0.005
400,1.07765,0.005
401,1.07988,0.005
402,1.0821,0.005
403,1.08432,0.005
404,1.08653,0.005
405,1.08875,0.005
406,1.09096,0.005
407,1.09316,0.005
408,1.09537,0.005
409,1.09757,0.005
410,1.09977,0.005
411,1.10196,0.005
412,1.10415,0.005
413,1.10634,0.005
414,1.10853,0.005
415,1.11072,0.005
416,1.1129,0.005
417,1.11508,0.005
418,1.11725,0.005
419,1.11942,0.005
420,1.12159,0.005
421,1.12376,0.005
422,1.12593,0.005
423,1.12809,0.005
424,1.13025,0.005
425,1.1324,0.005
426,1.13455,0.005
427,1.1367,0.005
428,1.13885,0.005
429,1.14099,0.005
430,1.14314,0.005
431,1.14527,0.005
432,1.14741,0.005
433,1.14954,0.005
434,1.15167,0.005
435,1.1538,0.005
436,1.15592,0.005
437,1.15804,0.005
438,1.16016,0.005
439,1.16228,0.005
440,1.16439,0.005
441,1.1665,0.005
442,1.1686,0.005
443,1.17071,0.005
444,1.17281,0.005
445,1.17491,0.005
446,1.177,0.005
447,1.17909,0.005
448,1.18118,0.005
449,1.18327,0.005
450,1.18535,0.005
451,1.18743,0.005
452,1.18951,0.005
453,1.19158,0.005
454,1.19365,0.005
455,1.19572,0.005
456,1.19778,0.005
457,1.19985,0.005
458,1.20191,0.005
459,1.20396,0.005
460,1.20602,0.005
461,1.20807,0.005
462,1.21011,0.005
463,1.21216,0.005
464,1.2142,0.005
465,1.21624,0.005
466,1.21827,0.005
467,1.2203,0.005
468,1.22233,0.005
469,1.22436,0.005
470,1.22638,0.005
471,1.2284,0.005
472,1.23042,0.005
473,1.23244,0.005
474,1.23445,0.005
475,1.23646,0.005
476,1.23846,0.005
477,1.24046,0.005
478,1.24246,0.005
479,1.24446,0.005
480,1.24645,0.005
481,1.24844,0.005
482,1.25043,0.005
483,1.25242,0.005
484,1.2544,0.005
485,1.25638,0.005
486,1.25835,0.005
487,1.26032,0.005
488,1.26229,0.005
489,1.26426,0.005
490,1.26622,0.005
491,1.26818,0.005
492,1.27014,0.005
493,1.27209,0.005
494,1.27404,0.005
495,1.27599,0.005
496,1.27794,0.005
497,1.27988,0.005
498,1.28182,0.005
499,1.28375,0.005
500,1.28569,0.005
501,1.28761,0.005
502,1.28954,0.005
503,1.29146,0.005
504,1.29338,0.005
505,1.2953,0.005
506,1.29722,0.005
507,1.29913,0.005
508,1.30104,0.005
509,1.30294,0.005
510,1.30484,0.005
511,1.30674,0.005
512,1.30864,0.005
513,1.31053,0.005
514,1.31242,0.005
515,1.31431,0.005
516,1.31619,0.005
517,1.31807,0.005
518,1.31995,0.005
519,1.32182,0.005
520,1.32369,0.005
521,1.32556,0.005
522,1.32742,0.005
523,1.32929,0.005
524,1.33114,0.005
525,1.333,0.005
526,1.33485,0.005
527,1.3367,0.005
528,1.33855,0.005
529,1.34039,0.005
530,1.34223,0.005
531,1.34407,0.005
532,1.3459,0.005
533,1.34773,0.005
534,1.34956,0.005
535,1.35138,0.005
536,1.3532,0.005
537,1.35502,0.005
538,1.35684,0.005
539,1.35865,0.005
540,1.36046,0.005
541,1.36226,0.005
542,1.36407,0.005
543,1.36586,0.005
544,1.36766,0.005
545,1.36945,0.005
546,1.37124,0.005
547,1.37303,0.005
548,1.37481,0.005
549,1.37659,0.005
550,1.37837,0.005
551,1.38015,0.005
552,1.38192,0.005
553,1.38368,0.005
554,1.38545,0.005
555,1.38721,0.005
556,1.38897,0.005
557,1.39072,0.005
558,1.39248,0.005
559,1.39423,0.005
560,1.39597,0.005
561,1.39771,0.005
562,1.39945,0.005
563,1.40119,0.005
564,1.40292,0.005
565,1.40465,0.005
566,1.40638,0.005
567,1.4081,0.005
568,1.40982,0.005
569,1.41154,0.005
570,1.41325,0.005
571,1.41497,0.005
572,1.41667,0.005
573,1.41838,0.005
574,1.42008,0.005
575,1.42178,0.005
576,1.42347,0.005
577,1.42516,0.005
578,1.42685,0.005
579,1.42854,0.005
580,1.43022,0.005
581,1.4319,0.005
582,1.43358,0.005
583,1.43525,0.005
584,1.43692,0.005
585,1.43858,0.005
586,1.44025,0.005
587,1.44191,0.005
588,1.44356,0.005
589,1.44522,0.005
590,1.44687,0.005
591,1.44852,0.005
592,1.45016,0.005
593,1.4518,0.005
594,1.45344,0.005
595,1.45507,0.005
596,1.4567,0.005
597,1.45833,0.005
598,1.45996,0.005
599,1.46158,0.005
600,1.4632,0.005
601,1.46481,0.005
602,1.46643,0.005
603,1.46803,0.005
604,1.46964,0.005
605,1.47124,0.005
606,1.47284,0.005
607,1.47444,0.005
608,1.47603,0.005
609,1.47762,0.005
610,1.47921,0.005
611,1.48079,0.005
612,1.48237,0.005
613,1.48395,0.005
614,1.48552,0.005
615,1.48709,0.005
616,1.48866,0.005
617,1.49023,0.005
618,1.49179,0.005
619,1.49334,0.005
620,1.4949,0.005
621,1.49645,0.005
622,1.498,0.005
623,1.49954,0.005
624,1.50109,0.005
625,1.50262,0.005
626,1.50416,0.005
627,1.50569,0.005
628,1.50722,0.005
629,1.50875,0.005
630,1.51027,0.005
631,1.51179,0.005
632,1.51331,0.005
633,1.51482,0.005
634,1.51633,0.005
635,1.51784,0.005
636,1.51934,0.005
637,1.52084,0.005
638,1.52234,0.005
639,1.52383,0.005
640,1.52532,0.005
641,1.52681,0.005
642,1.52829,0.005
643,1.52977,0.005
644,1.53125,0.005
645,1.53273,0.005
646,1.5342,0.005
647,1.53567,0.005
648,1.53713,0.005
649,1.53859,0.005
650,1.54005,0.005
651,1.54151,0.005
652,1.54296,0.005
653,1.54441,0.005
654,1.54586,0.005
655,1.5473,0.005
656,1.54874,0.005
657,1.55018,0.005
658,1.55161,0.005
659,1.55304,0.005
660,1.55447,0.005
661,1.55589,0.005
662,1.55731,0.005
663,1.55873,0.005
664,1.56014,0.005
665,1.56155,0.005
666,1.56296,0.005
667,1.56437,0.005
668,1.56577,0.005
669,1.56717,0.005
670,1.56856,0.005
671,1.56995,0.005
672,1.57134,0.005
673,1.57273,0.005
674,1.57411,0.005
675,1.57549,0.005
676,1.57687,0.005
677,1.57824,0.005
678,1.57961,0.005
679,1.58097,0.005
680,1.58234,0.005
681,1.5837,0.005
682,1.58506,0.005
683,1.58641,0.005
684,1.58776,0.005
685,1.58911,0.005
686,1.59045,0.005
687,1.59179,0.005
688,1.59313,0.005
689,1.59447,0.005
690,1.5958,0.005
691,1.59713,0.005
692,1.59845,0.005
693,1.59978,0.005
694,1.6011,0.005
695,1.60241,0.005
696,1.60373,0.005
697,1.60503,0.005
698,1.60634,0.005
699,1.60765,0.005
700,1.60895,0.005
701,1.61024,0.005
702,1.61154,0.005
703,1.61283,0.005
704,1.61412,0.005
705,1.6154,0.005
706,1.61668,0.005
707,1.61796,0.005
708,1.61924,0.005
709,1.62051,0.005
710,1.62178,0.005
711,1.62305,0.005
712,1.62431,0.005
713,1.62557,0.005
714,1.62683,0.005
715,1.62808,0.005
716,1.62933,0.005
717,1.63058,0.005
718,1.63182,0.005
719,1.63306,0.005
720,1.6343,0.005
721,1.63554,0.005
722,1.63677,0.005
723,1.638,0.005
724,1.63922,0.005
725,1.64045,0.005
726,1.64167,0.005
727,1.64288,0.005
728,1.6441,0.005
729,1.64531,0.005
730,1.64651,0.005
731,1.64772,0.005
732,1.64892,0.005
733,1.65012,0.005
734,1.65131,0.005
735,1.6525,0.005
736,1.65369,0.005
737,1.65488,0.005
738,1.65606,0.005
739,1.65724,0.005
740,1.65842,0.005
741,1.65959,0.005
742,1.66076,0.005
743,1.66193,0.005
744,1.6631,0.005
745,1.66426,0.005
746,1.66542,0.005
747,1.66657,0.005
748,1.66772,0.005
749,1.66887,0.005
750,1.67002,0.005
751,1.67116,0.005
752,1.6723,0.005
753,1.67344,0.005
754,1.67458,0.005
755,1.67571,0.005
756,1.67684,0.005
757,1.67796,0.005
758,1.67908,0.005
759,1.6802,0.005
760,1.68132,0.005
761,1.68243,0.005
762,1.68354,0.005
763,1.68465,0.005
764,1.68575,0.005
765,1.68686,0.005
766,1.68795,0.005
767,1.68905,0.005
768,1.69014,0.005
769,1.69123,0.005
770,1.69232,0.005
771,1.6934,0.005
772,1.69448,0.005
773,1.69556,0.005
774,1.69663,0.005
775,1.69771,0.005
776,1.69877,0.005
777,1.69984,0.005
778,1.7009,0.005
779,1.70196,0.005
780,1.70302,0.005
781,1.70408,0.005
782,1.70513,0.005
783,1.70617,0.005
784,1.70722,0.005
785,1.70826,0.005
786,1.7093,0.005
787,1.71034,0.005
788,1.71137,0.005
789,1.7124,0.005
790,1.71343,0.005
791,1.71446,0.005
792,1.71548,0.005
793,1.7165,0.005
794,1.71751,0.005
795,1.71853,0.005
796,1.71954,0.005
797,1.72055,0.005
798,1.72155,0.005
799,1.72255,0.005
800,1.72355,0.005
801,1.72455,0.005
802,1.72554,0.005
803,1.72653,0.005
804,1.72752,0.005
805,1.7285,0.005
806,1.72949,0.005
807,1.73047,0.005
808,1.73144,0.005
809,1.73242,0.005
810,1.73339,0.005
811,1.73435,0.005
812,1.73532,0.005
813,1.73628,0.005
814,1.73724,0.005
815,1.7382,0.005
816,1.73915,0.005
817,1.7401,0.005
818,1.74105,0.005
819,1.742,0.005
820,1.74294,0.005
821,1.74388,0.005
822,1.74482,0.005
823,1.74575,0.005
824,1.74668,0.005
825,1.74761,0.005
826,1.74854,0.005
827,1.74946,0.005
828,1.75038,0.005
829,1.7513,0.005
830,1.75221,0.005
831,1.75313,0.005
832,1.75404,0.005
833,1.75494,0.005
834,1.75585,0.005
835,1.75675,0.005
836,1.75765,0.005
837,1.75854,0.005
838,1.75944,0.005
839,1.76033,0.005
840,1.76121,0.005
841,1.7621,0.005
842,1.76298,0.005
843,1.76386,0.005
844,1.76474,0.005
845,1.76561,0.005
846,1.76648,0.005
847,1.76735,0.005
848,1.76822,0.005
849,1.76908,0.005
850,1.76994,0.005
851,1.7708,0.005
852,1.77166,0.005
853,1.77251,0.005
854,1.77336,0.005
855,1.77421,0.005
856,1.77506,0.005
857,1.7759,0.005
858,1.77674,0.005
859,1.77757,0.005
860,1.77841,0.005
861,1.77924,0.005
862,1.78007,0.005
863,1.7809,0.005
864,1.78172,0.005
865,1.78254,0.005
866,1.78336,0.005
867,1.78418,0.005
868,1.78499,0.005
869,1.78581,0.005
870,1.78661,0.005
871,1.78742,0.005
872,1.78822,0.005
873,1.78903,0.005
874,1.78982,0.005
875,1.79062,0.005
876,1.79141,0.005
877,1.7922,0.005
878,1.79299,0.005
879,1.79378,0.005
880,1.79456,0.005
881,1.79534,0.005
882,1.79612,0.005
883,1.7969,0.005
884,1.79767,0.005
885,1.79844,0.005
886,1.79921,0.005
887,1.79998,0.005
888,1.80074,0.005
889,1.8015,0.005
890,1.80226,0.005
891,1.80302,0.005
892,1.80377,0.005
893,1.80452,0.005
894,1.80527,0.005
895,1.80602,0.005
896,1.80676,0.005
897,1.8075,0.005
898,1.80824,0.005
899,1.80898,0.005
900,1.80971,0.005
901,1.81044,0.005
902,1.81117,0.005
903,1.8119,0.005
904,1.81262,0.005
905,1.81334,0.005
906,1.81406,0.005
907,1.81478,0.005
908,1.8155,0.005
909,1.81621,0.005
910,1.81692,0.005
911,1.81763,0.005
912,1.81833,0.005
913,1.81903,0.005
914,1.81974,0.005
915,1.82043,0.005
916,1.82113,0.005
917,1.82182,0.005
918,1.82251,0.005
919,1.8232,0.005
920,1.82389,0.005
921,1.82457,0.005
922,1.82526,0.005
923,1.82594,0.005
924,1.82661,0.005
925,1.82729,0.005
926,1.82796,0.005
927,1.82863,0.005
928,1.8293,0.005
929,1.82997,0.005
930,1.83063,0.005
931,1.83129,0.005
932,1.83195,0.005
933,1.83261,0.005
934,1.83326,0.005
935,1.83392,0.005
936,1.83457,0.005
937,1.83521,0.005
938,1.83586,0.005
939,1.8365,0.005
940,1.83715,0.005
941,1.83778,0.005
942,1.83842,0.005
943,1.83906,0.005
944,1.83969,0.005
945,1.84032,0.005
946,1.84095,0.005
947,1.84157,0.005
948,1.8422,0.005
949,1.84282,0.005
950,1.84344,0.005
951,1.84406,0.005
952,1.84467,0.005
953,1.84528,0.005
954,1.84589,0.005
955,1.8465,0.005
956,1.84711,0.005
957,1.84771,0.005
958,1.84832,0.005
959,1.84892,0.005
960,1.84951,0.005
961,1.85011,0.005
962,1.8507,0.005
963,1.8513,0.005
964,1.85189,0.005
965,1.85247,0.005
966,1.85306,0.005
967,1.85364,0.005
968,1.85422,0.005
969,1.8548,0.005
970,1.85538,0.005
971,1.85596,0.005
972,1.85653,0.005
973,1.8571,0.005
974,1.85767,0.005
975,1.85824,0.005
976,1.8588,0.005
977,1.85936,0.005
978,1.85993,0.005
979,1.86048,0.005
980,1.86104,0.005
981,1.8616,0.005
982,1.86215,0.005
983,1.8627,0.005
984,1.86325,0.005
985,1.8638,0.005
986,1.86434,0.005
987,1.86488,0.005
988,1.86543,0.005
989,1.86596,0.005
990,1.8665,0.005
991,1.86704,0.005
992,1.86757,0.005
993,1.8681,0.005
994,1.86863,0.005
995,1.86916,0.005
996,1.86968,0.005
997,1.87021,0.005
998,1.87073,0.005
999,1.87125,0.005
1000,1.87177,0.005
1001,1.87228,0.005
1002,1.8728,0.005
1003,1.87331,0.005
1004,1.87382,0.005
1005,1.87433,0.005
1006,1.87483,0.005
1007,1.87534,0.005
1008,1.87584,0.005
1009,1.87634,0.005
1010,1.87684,0.005
1011,1.87734,0.005
1012,1.87783,0.005
1013,1.87833,0.005
1014,1.87882,0.005
1015,1.87931,0.005
1016,1.8798,0.005
1017,1.88028,0.005
1018,1.88077,0.005
1019,1.88125,0.005
1020,1.88173,0.005
1021,1.88221,0.005
1022,1.88269,0.005
1023,1.88316,0.005
1024,1.88364,0.005
1025,1.88411,0.005
1026,1.88458,0.005
1027,1.88505,0.005
1028,1.88552,0.005
1029,1.88598,0.005
1030,1.88644,0.005
1031,1.88691,0.005
1032,1.88737,0.005
1033,1.88782,0.005
1034,1.88828,0.005
1035,1.88873,0.005
1036,1.88919,0.005
1037,1.88964,0.005
1038,1.89009,0.005
1039,1.89054,0.005
1040,1.89098,0.005
1041,1.89143,0.005
1042,1.89187,0.005
1043,1.89231,0.005
1044,1.89275,0.005
1045,1.89319,0.005
1046,1.89362,0.005
1047,1.89406,0.005
1048,1.89449,0.005
1049,1.89492,0.005
1050,1.89535,0.005
1051,1.89578,0.005
1052,1.8962,0.005
1053,1.89663,0.005
1054,1.89705,0.005
1055,1.89747,0.005
1056,1.89789,0.005
1057,1.89831,0.005
1058,1.89873,0.005
1059,1.89914,0.005
1060,1.89955,0.005
1061,1.89996,0.005
1062,1.90037,0.005
1063,1.90078,0.005
1064,1.90119,0.005
1065,1.90159,0.005
1066,1.902,0.005
1067,1.9024,0.005
1068,1.9028,0.005
1069,1.9032,0.005
1070,1.9036,0.005
1071,1.90399,0.005
1072,1.90439,0.005
1073,1.90478,0.005
1074,1.90517,0.005
1075,1.90556,0.005
1076,1.90595,0.005
1077,1.90634,0.005
1078,1.90672,0.005
1079,1.90711,0.005
1080,1.90749,0.005
1081,1.90787,0.005
1082,1.90825,0.005
1083,1.90863,0.005
1084,1.909,0.005
1085,1.90938,0.005
1086,1.90975,0.005
1087,1.91012,0.005
1088,1.91049,0.005
1089,1.91086,0.005
1090,1.91123,0.005
1091,1.91159,0.005
1092,1.91196,0.005
1093,1.91232,0.005
1094,1.91268,0.005
1095,1.91304,0.005
1096,1.9134,0.005
1097,1.91376,0.005
1098,1.91412,0.005
1099,1.91447,0.005
1100,1.91482,0.005
1101,1.91518,0.005
1102,1.91553,0.005
1103,1.91588,0.005
1104,1.91622,0.005
1105,1.91657,0.005
1106,1.91691,0.005
1107,1.91726,0.005
1108,1.9176,0.005
1109,1.91794,0.005
1110,1.91828,0.005
1111,1.91862,0.005
1112,1.91896,0.005
1113,1.91929,0.005
1114,1.91963,0.005
1115,1.91996,0.005
1116,1.92029,0.005
1117,1.92062,0.005
1118,1.92095,0.005
1119,1.92128,0.005
1120,1.9216,0.005
1121,1.92193,0.005
1122,1.92225,0.005
1123,1.92257,0.005
1124,1.92289,0.005
1125,1.92321,0.005
1126,1.92353,0.005
1127,1.92385,0.005
1128,1.92416,0.005
1129,1.92448,0.005
1130,1.92479,0.005
1131,1.9251,0.005
1132,1.92541,0.005
1133,1.92572,0.005
1134,1.92603,0.005
1135,1.92634,0.005
1136,1.92664,0.005
1137,1.92695,0.005
1138,1.92725,0.005
1139,1.92755,0.005
1140,1.92785,0.005
1141,1.92815,0.005
1142,1.92845,0.005
1143,1.92875,0.005
1144,1.92905,0.005
1145,1.92934,0.005
1146,1.92963,0.005
1147,1.92993,0.005
1148,1.93022,0.005
1149,1.93051,0.005
1150,1.9308,0.005
1151,1.93108,0.005
1152,1.93137,0.005
1153,1.93166,0.005
1154,1.93194,0.005
1155,1.93222,0.005
1156,1.9325,0.005
1157,1.93278,0.005
1158,1.93306,0.005
1159,1.93334,0.005
1160,1.93362,0.005
1161,1.9339,0.005
1162,1.93417,0.005
1163,1.93444,0.005
1164,1.93472,0.005
1165,1.93499,0.005
1166,1.93526,0.005
1167,1.93553,0.005
1168,1.9358,0.005
1169,1.93606,0.005
1170,1.93633,0.005
1171,1.93659,0.005
1172,1.93686,0.005
1173,1.93712,0.005
1174,1.93738,0.005
1175,1.93764,0.005
1176,1.9379,0.005
1177,1.93816,0.005
1178,1.93842,0.005
1179,1.93867,0.005
1180,1.93893,0.005
1181,1.93918,0.005
1182,1.93944,0.005
1183,1.93969,0.005
1184,1.93994,0.005
1185,1.94019,0.005
1186,1.94044,0.005
1187,1.94069,0.005
1188,1.94093,0.005
1189,1.94118,0.005
1190,1.94142,0.005
1191,1.94167,0.005
1192,1.94191,0.005
1193,1.94215,0.005
1194,1.94239,0.005
1195,1.94263,0.005
1196,1.94287,0.005
1197,1.94311,0.005
1198,1.94335,0.005
1199,1.94358,0.005
1200,1.94382,0.005
1201,1.94405,0.005
1202,1.94428,0.005
1203,1.94451,0.005
1204,1.94474,0.005
1205,1.94497,0.005
1206,1.9452,0.005
1207,1.94543,0.005
1208,1.94566,0.005
1209,1.94588,0.005
1210,1.94611,0.005
1211,1.94633,0.005
1212,1.94656,0.005
1213,1.94678,0.005
1214,1.947,0.005
1215,1.94722,0.005
1216,1.94744,0.005
1217,1.94766,0.005
1218,1.94788,0.005
1219,1.94809,0.005
1220,1.94831,0.005
1221,1.94852,0.005
1222,1.94874,0.005
1223,1.94895,0.005
1224,1.94916,0.005
1225,1.94937,0.005
1226,1.94958,0.005
1227,1.94979,0.005
1228,1.95,0.005
1229,1.95021,0.005
1230,1.95042,0.005
1231,1.95062,0.005
1232,1.95083,0.005
1233,1.95103,0.005
1234,1.95124,0.005
1235,1.95144,0.005
1236,1.95164,0.005
1237,1.95184,0.005
1238,1.95204,0.005
1239,1.95224,0.005
1240,1.95244,0.005
1241,1.95264,0.005
1242,1.95283,0.005
1243,1.95303,0.005
1244,1.95322,0.005
1245,1.95342,0.005
1246,1.95361,0.005
1247,1.9538,0.005
1248,1.95399,0.005
1249,1.95418,0.005
1250,1.95437,0.005
1251,1.95456,0.005
1252,1.95475,0.005
1253,1.95494,0.005
1254,1.95513,0.005
1255,1.95531,0.005
1256,1.9555,0.005
1257,1.95568,0.005
1258,1.95587,0.005
1259,1.95605,0.005
1260,1.95623,0.005
1261,1.95641,0.005
1262,1.95659,0.005
1263,1.95677,0.005
1264,1.95695,0.005
1265,1.95713,0.005
1266,1.95731,0.005
1267,1.95748,0.005
1268,1.95766,0.005
1269,1.95783,0.005
1270,1.95801,0.005
1271,1.95818,0.005
1272,1.95835,0.005
1273,1.95853,0.005
1274,1.9587,0.005
1275,1.95887,0.005
1276,1.95904,0.005
1277,1.95921,0.005
1278,1.95938,0.005
1279,1.95954,0.005
1280,1.95971,0.005
1281,1.95988,0.005
1282,1.96004,0.005
1283,1.96021,0.005
1284,1.96037,0.005
1285,1.96053,0.005
1286,1.9607,0.005
1287,1.96086,0.005
1288,1.96102,0.005
1289,1.96118,0.005
1290,1.96134,0.005
1291,1.9615,0.005
1292,1.96166,0.005
1293,1.96182,0.005
1294,1.96197,0.005
1295,1.96213,0.005
1296,1.96229,0.005
1297,1.96244,0.005
1298,1.9626,0.005
1299,1.96275,0.005
1300,1.9629,0.005
1301,1.96305,0.005
1302,1.96321,0.005
1303,1.96336,0.005
1304,1.96351,0.005
1305,1.96366,0.005
1306,1.96381,0.005
1307,1.96396,0.005
1308,1.9641,0.005
1309,1.96425,0.005
1310,1.9644,0.005
1311,1.96454,0.005
1312,1.96469,0.005
1313,1.96483,0.005
1314,1.96498,0.005
1315,1.96512,0.005
1316,1.96526,0.005
1317,1.96541,0.005
1318,1.96555,0.005
1319,1.96569,0.005
1320,1.96583,0.005
1321,1.96597,0.005
1322,1.96611,0.005
1323,1.96625,0.005
1324,1.96638,0.005
1325,1.96652,0.005
1326,1.96666,0.005
1327,1.96679,0.005
1328,1.96693,0.005
1329,1.96706,0.005
1330,1.9672,0.005
1331,1.96733,0.005
1332,1.96747,0.005
1333,1.9676,0.005
1334,1.96773,0.005
1335,1.96786,0.005
1336,1.96799,0.005
1337,1.96812,0.005
1338,1.96825,0.005
1339,1.96838,0.005
1340,1.96851,0.005
1341,1.96864,0.005
1342,1.96876,0.005
1343,1.96889,0.005
1344,1.96902,0.005
1345,1.96914,0.005
1346,1.96927,0.005
1347,1.96939,0.005
1348,1.96952,0.005
1349,1.96964,0.005
1350,1.96976,0.005
1351,1.96989,0.005
1352,1.97001,0.005
1353,1.97013,0.005
1354,1.97025,0.005
1355,1.97037,0.005
1356,1.97049,0.005
1357,1.97061,0.005
1358,1.97073,0.005
1359,1.97085,0.005
1360,1.97096,0.005
1361,1.97108,0.005
1362,1.9712,0.005
1363,1.97131,0.005
1364,1.97143,0.005
1365,1.97155,0.005
1366,1.97166,0.005
1367,1.97177,0.005
1368,1.97189,0.005
1369,1.972,0.005
1370,1.97211,0.005
1371,1.97223,0.005
1372,1.97234,0.005
1373,1.97245,0.005
1374,1.97256,0.005
1375,1.97267,0.005
1376,1.97278,0.005
1377,1.97289,0.005
1378,1.973,0.005
1379,1.9731,0.005
1380,1.97321,0.005
1381,1.97332,0.005
1382,1.97343,0.005
1383,1.97353,0.005
1384,1.97364,0.005
1385,1.97374,0.005
1386,1.97385,0.005
1387,1.97395,0.005
1388,1.97406,0.005
1389,1.97416,0.005
1390,1.97426,0.005
1391,1.97437,0.005
1392,1.97447,0.005
1393,1.97457,0.005
1394,1.97467,0.005
1395,1.97477,0.005
1396,1.97487,0.005
1397,1.97497,0.005
1398,1.97507,0.005
1399,1.97517,0.005
1400,1.97527,0.005
1401,1.97537,0.005
1402,1.97547,0.005
1403,1.97556,0.005
1404,1.97566,0.005
1405,1.97576,0.005
1406,1.97585,0.005
1407,1.97595,0.005
1408,1.97604,0.005
1409,1.97614,0.005
1410,1.97623,0.005
1411,1.97633,0.005
1412,1.97642,0.005
1413,1.97651,0.005
1414,1.9766,0.005
1415,1.9767,0.005
1416,1.97679,0.005
1417,1.97688,0.005
1418,1.97697,0.005
1419,1.97706,0.005
1420,1.97715,0.005
1421,1.97724,0.005
1422,1.97733,0.005
1423,1.97742,0.005
1424,1.97751,0.005
1425,1.9776,0.005
1426,1.97768,0.005
1427,1.97777,0.005
1428,1.97786,0.005
1429,1.97794,0.005
1430,1.97803,0.005
1431,1.97812,0.005
1432,1.9782,0.005
1433,1.97829,0.005
1434,1.97837,0.005
1435,1.97846,0.005
1436,1.97854,0.005
1437,1.97862,0.005
1438,1.97871,0.005
1439,1.97879,0.005
1440,1.97887,0.005
1441,1.97895,0.005
1442,1.97904,0.005
1443,1.97912,0.005
1444,1.9792,0.005
1445,1.97928,0.005
1446,1.97936,0.005
1447,1.97944,0.005
1448,1.97952,0.005
1449,1.9796,0.005
1450,1.97968,0.005
1451,1.97975,0.005
1452,1.97983,0.005
1453,1.97991,0.005
1454,1.97999,0.005
1455,1.98006,0.005
1456,1.98014,0.005
1457,1.98022,0.005
1458,1.98029,0.005
1459,1.98037,0.005
1460,1.98045,0.005
1461,1.98052,0.005
1462,1.98059,0.005
1463,1.98067,0.005
1464,1.98074,0.005
1465,1.98082,0.005
1466,1.98089,0.005
1467,1.98096,0.005
1468,1.98104,0.005
1469,1.98111,0.005
1470,1.98118,0.005
1471,1.98125,0.005
1472,1.98132,0.005
1473,1.98139,0.005
1474,1.98146,0.005
1475,1.98154,0.005
1476,1.98161,0.005
1477,1.98168,0.005
1478,1.98174,0.005
1479,1.98181,0.005
1480,1.98188,0.005
1481,1.98195,0.005
1482,1.98202,0.005
1483,1.98209,0.005
1484,1.98215,0.005
1485,1.98222,0.005
1486,1.98229,0.005
1487,1.98236,0.005
1488,1.98242,0.005
1489,1.98249,0.005
1490,1.98255,0.005
1491,1.98262,0.005
1492,1.98268,0.005
1493,1.98275,0.005
1494,1.98281,0.005
1495,1.98288,0.005
1496,1.98294,0.005
1497,1.98301,0.005
1498,1.98307,0.005
1499,1.98313,0.005
1500,1.9832,0.005
1501,1.98326,0.005
1502,1.98332,0.005
1503,1.98338,0.005
1504,1.98344,0.005
1505,1.98351,0.005
1506,1.98357,0.005
1507,1.98363,0.005
1508,1.98369,0.005
1509,1.98375,0.005
1510,1.98381,0.005
1511,1.98387,0.005
1512,1.98393,0.005
1513,1.98399,0.005
1514,1.98405,0.005
1515,1.98411,0.005
1516,1.98416,0.005
1517,1.98422,0.005
1518,1.98428,0.005
1519,1.98434,0.005
1520,1.9844,0.005
1521,1.98445,0.005
1522,1.98451,0.005
1523,1.98457,0.005
1524,1.98462,0.005
1525,1.98468,0.005
1526,1.98474,0.005
1527,1.98479,0.005
1528,1.98485,0.005
1529,1.9849,0.005
1530,1.98496,0.005
1531,1.98501,0.005
1532,1.98507,0.005
1533,1.98512,0.005
1534,1.98517,0.005
1535,1.98523,0.005
1536,1.98528,0.005
1537,1.98533,0.005
1538,1.98539,0.005
1539,1.98544,0.005
1540,1.98549,0.005
1541,1.98554,0.005
1542,1.9856,0.005
1543,1.98565,0.005
1544,1.9857,0.005
1545,1.98575,0.005
1546,1.9858,0.005
1547,1.98585,0.005
1548,1.9859,0.005
1549,1.98595,0.005
1550,1.986,0.005
1551,1.98605,0.005
1552,1.9861,0.005
1553,1.98615,0.005
1554,1.9862,0.005
1555,1.98625,0.005
1556,1.9863,0.005
1557,1.98635,0.005
1558,1.9864,0.005
1559,1.98644,0.005
1560,1.98649,0.005
1561,1.98654,0.005
1562,1.98659,0.005
1563,1.98663,0.005
1564,1.98668,0.005
1565,1.98673,0.005
1566,1.98678,0.005
1567,1.98682,0.005
1568,1.98687,0.005
1569,1.98691,0.005
1570,1.98696,0.005
1571,1.98701,0.005
1572,1.98705,0.005
1573,1.9871,0.005
1574,1.98714,0.005
1575,1.98719,0.005
1576,1.98723,0.005
1577,1.98727,0.005
1578,1.98732,0.005
1579,1.98736,0.005
1580,1.98741,0.005
1581,1.98745,0.005
1582,1.98749,0.005
1583,1.98754,0.005
1584,1.98758,0.005
1585,1.98762,0.005
1586,1.98766,0.005
1587,1.98771,0.005
1588,1.98775,0.005
1589,1.98779,0.005
1590,1.98783,0.005
1591,1.98787,0.005
1592,1.98792,0.005
1593,1.98796,0.005
1594,1.988,0.005
1595,1.98804,0.005
1596,1.98808,0.005
1597,1.98812,0.005
1598,1.98816,0.005
1599,1.9882,0.005
1600,1.98824,0.005
1601,1.98828,0.005
1602,1.98832,0.005
1603,1.98836,0.005
1604,1.9884,0.005
1605,1.98844,0.005
1606,1.98848,0.005
1607,1.98851,0.005
1608,1.98855,0.005
1609,1.98859,0.005
1610,1.98863,0.005
1611,1.98867,0.005
1612,1.9887,0.005
1613,1.98874,0.005
1614,1.98878,0.005
1615,1.98882,0.005
1616,1.98885,0.005
1617,1.98889,0.005
1618,1.98893,0.005
1619,1.98896,0.005
1620,1.989,0.005
1621,1.98904,0.005
1622,1.98907,0.005
1623,1.98911,0.005
1624,1.98914,0.005
1625,1.98918,0.005
1626,1.98922,0.005
1627,1.98925,0.005
1628,1.98929,0.005
1629,1.98932,0.005
1630,1.98936,0.005
1631,1.98939,0.005
1632,1.98942,0.005
1633,1.98946,0.005
1634,1.98949,0.005
1635,1.98953,0.005
1636,1.98956,0.005
1637,1.98959,0.005
1638,1.98963,0.005
1639,1.98966,0.005
1640,1.98969,0.005
1641,1.98973,0.005
1642,1.98976,0.005
1643,1.98979,0.005
1644,1.98983,0.005
1645,1.98986,0.005
1646,1.98989,0.005
1647,1.98992,0.005
1648,1.98996,0.005
1649,1.98999,0.005
1650,1.99002,0.005
1651,1.99005,0.005
1652,1.99008,0.005
1653,1.99011,0.005
1654,1.99014,0.005
1655,1.99018,0.005
1656,1.99021,0.005
1657,1.99024,0.005
1658,1.99027,0.005
1659,1.9903,0.005
1660,1.99033,0.005
1661,1.99036,0.005
1662,1.99039,0.005
1663,1.99042,0.005
1664,1.99045,0.005
1665,1.99048,0.005
1666,1.99051,0.005
1667,1.99054,0.005
1668,1.99057,0.005
1669,1.9906,0.005
1670,1.99062,0.005
1671,1.99065,0.005
1672,1.99068,0.005
1673,1.99071,0.005
1674,1.99074,0.005
1675,1.99077,0.005
1676,1.99079,0.005
1677,1.99082,0.005
1678,1.99085,0.005
1679,1.99088,0.005
1680,1.99091,0.005
1681,1.99093,0.005
1682,1.99096,0.005
1683,1.99099,0.005
1684,1.99102,0.005
1685,1.99104,0.005
1686,1.99107,0.005
1687,1.9911,0.005
1688,1.99112,0.005
1689,1.99115,0.005
1690,1.99118,0.005
1691,1.9912,0.005
1692,1.99123,0.005
1693,1.99125,0.005
1694,1.99128,0.005
1695,1.99131,0.005
1696,1.99133,0.005
1697,1.99136,0.005
1698,1.99138,0.005
1699,1.99141,0.005
1700,1.99143,0.005
1701,1.99146,0.005
1702,1.99148,0.005
1703,1.99151,0.005
1704,1.99153,0.005
1705,1.99156,0.005
1706,1.99158,0.005
1707,1.99161,0.005
1708,1.99163,0.005
1709,1.99166,0.005
1710,1.99168,0.005
1711,1.9917,0.005
1712,1.99173,0.005
1713,1.99175,0.005
1714,1.99177,0.005
1715,1.9918,0.005
1716,1.99182,0.005
1717,1.99184,0.005
1718,1.99187,0.005
1719,1.99189,0.005
1720,1.99191,0.005
1721,1.99194,0.005
1722,1.99196,0.005
1723,1.99198,0.005
1724,1.99201,0.005
1725,1.99203,0.005
1726,1.99205,0.005
1727,1.99207,0.005
1728,1.99209,0.005
1729,1.99212,0.005
1730,1.99214,0.005
1731,1.99216,0.005
1732,1.99218,0.005
1733,1.9922,0.005
1734,1.99223,0.005
1735,1.99225,0.005
1736,1.99227,0.005
1737,1.99229,0.005
1738,1.99231,0.005
1739,1.99233,0.005
1740,1.99235,0.005
1741,1.99237,0.005
1742,1.99239,0.005
1743,1.99242,0.005
1744,1.99244,0.005
1745,1.99246,0.005
1746,1.99248,0.005
1747,1.9925,0.005
1748,1.99252,0.005
1749,1.99254,0.005
1750,1.99256,0.005
1751,1.99258,0.005
1752,1.9926,0.005
1753,1.99262,0.005
1754,1.99264,0.005
1755,1.99266,0.005
1756,1.99268,0.005
1757,1.9927,0.005
1758,1.99271,0.005
1759,1.99273,0.005
1760,1.99275,0.005
1761,1.99277,0.005
1762,1.99279,0.005
1763,1.99281,0.005
1764,1.99283,0.005
1765,1.99285,0.005
1766,1.99287,0.005
1767,1.99288,0.005
1768,1.9929,0.005
1769,1.99292,0.005
1770,1.99294,0.005
1771,1.99296,0.005
1772,1.99298,0.005
1773,1.99299,0.005
1774,1.99301,0.005
1775,1.99303,0.005
1776,1.99305,0.005
1777,1.99306,0.005
1778,1.99308,0.005
1779,1.9931,0.005
1780,1.99312,0.005
1781,1.99313,0.005
1782,1.99315,0.005
1783,1.99317,0.005
1784,1.99319,0.005
1785,1.9932,0.005
1786,1.99322,0.005
1787,1.99324,0.005
1788,1.99325,0.005
1789,1.99327,0.005
1790,1.99329,0.005
1791,1.9933,0.005
1792,1.99332,0.005
1793,1.99334,0.005
1794,1.99335,0.005
1795,1.99337,0.005
1796,1.99339,0.005
1797,1.9934,0.005
1798,1.99342,0.005
1799,1.99343,0.005
1800,1.99345,0.005
1801,1.99347,0.005
1802,1.99348,0.005
1803,1.9935,0.005
1804,1.99351,0.005
1805,1.99353,0.005
1806,1.99354,0.005
1807,1.99356,0.005
1808,1.99357,0.005
1809,1.99359,0.005
1810,1.9936,0.005
1811,1.99362,0.005
1812,1.99364,0.005
1813,1.99365,0.005
1814,1.99366,0.005
1815,1.99368,0.005
1816,1.99369,0.005
1817,1.99371,0.005
1818,1.99372,0.005
1819,1.99374,0.005
1820,1.99375,0.005
1821,1.99377,0.005
1822,1.99378,0.005
1823,1.9938,0.005
1824,1.99381,0.005
1825,1.99382,0.005
1826,1.99384,0.005
1827,1.99385,0.005
1828,1.99387,0.005
1829,1.99388,0.005
1830,1.99389,0.005
1831,1.99391,0.005
1832,1.99392,0.005
1833,1.99394,0.005
1834,1.99395,0.005
1835,1.99396,0.005
1836,1.99398,0.005
1837,1.99399,0.005
1838,1.994,0.005
1839,1.99402,0.005
1840,1.99403,0.005
1841,1.99404,0.005
1842,1.99406,0.005
1843,1.99407,0.005
1844,1.99408,0.005
1845,1.99409,0.005
1846,1.99411,0.005
1847,1.99412,0.005
1848,1.99413,0.005
1849,1.99415,0.005
1850,1.99416,0.005
1851,1.99417,0.005
1852,1.99418,0.005
1853,1.9942,0.005
1854,1.99421,0.005
1855,1.99422,0.005
1856,1.99423,0.005
1857,1.99425,0.005
1858,1.99426,0.005
1859,1.99427,0.005
1860,1.99428,0.005
1861,1.99429,0.005
1862,1.99431,0.005
1863,1.99432,0.005
1864,1.99433,0.005
1865,1.99434,0.005
1866,1.99435,0.005
1867,1.99436,0.005
1868,1.99438,0.005
1869,1.99439,0.005
1870,1.9944,0.005
1871,1.99441,0.005
1872,1.99442,0.005
1873,1.99443,0.005
1874,1.99444,0.005
1875,1.99446,0.005
1876,1.99447,0.005
1877,1.99448,0.005
1878,1.99449,0.005
1879,1.9945,0.005
1880,1.99451,0.005
1881,1.99452,0.005
1882,1.99453,0.005
1883,1.99454,0.005
1884,1.99455,0.005
1885,1.99457,0.005
1886,1.99458,0.005
1887,1.99459,0.005
1888,1.9946,0.005
1889,1.99461,0.005
1890,1.99462,0.005
1891,1.99463,0.005
1892,1.99464,0.005
1893,1.99465,0.005
1894,1.99466,0.005
1895,1.99467,0.005
1896,1.99468,0.005
1897,1.99469,0.005
1898,1.9947,0.005
1899,1.99471,0.005
1900,1.99472,0.005
1901,1.99473,0.005
1902,1.99474,0.005
1903,1.99475,0.005
1904,1.99476,0.005
1905,1.99477,0.005
1906,1.99478,0.005
1907,1.99479,0.005
1908,1.9948,0.005
1909,1.99481,0.005
1910,1.99482,0.005
1911,1.99483,0.005
1912,1.99484,0.005
1913,1.99485,0.005
1914,1.99486,0.005
1915,1.99487,0.005
1916,1.99487,0.005
1917,1.99488,0.005
1918,1.99489,0.005
1919,1.9949,0.005
1920,1.99491,0.005
1921,1.99492,0.005
1922,1.99493,0.005
1923,1.99494,0.005
1924,1.99495,0.005
1925,1.99496,0.005
1926,1.99497,0.005
1927,1.99497,0.005
1928,1.99498,0.005
1929,1.99499,0.005
1930,1.995,0.005
1931,1.99501,0.005
1932,1.99502,0.005
1933,1.99503,0.005
1934,1.99503,0.005
1935,1.99504,0.005
1936,1.99505,0.005
1937,1.99506,0.005
1938,1.99507,0.005
1939,1.99508,0.005
1940,1.99509,0.005
1941,1.99509,0.005
1942,1.9951,0.005
1943,1.99511,0.005
1944,1.99512,0.005
1945,1.99513,0.005
1946,1.99513,0.005
1947,1.99514,0.005
1948,1.99515,0.005
1949,1.99516,0.005
1950,1.99517,0.005
1951,1.99517,0.005
1952,1.99518,0.005
1953,1.99519,0.005
1954,1.9952,0.005
1955,1.99521,0.005
1956,1.99521,0.005
1957,1.99522,0.005
1958,1.99523,0.005
1959,1.99524,0.005
1960,1.99524,0.005
1961,1.99525,0.005
1962,1.99526,0.005
1963,1.99527,0.005
1964,1.99527,0.005
1965,1.99528,0.005
1966,1.99529,0.005
1967,1.9953,0.005
1968,1.9953,0.005
1969,1.99531,0.005
1970,1.99532,0.005
1971,1.99532,0.005
1972,1.99533,0.005
1973,1.99534,0.005
1974,1.99535,0.005
1975,1.99535,0.005
1976,1.99536,0.005
1977,1.99537,0.005
1978,1.99537,0.005
1979,1.99538,0.005
1980,1.99539,0.005
1981,1.9954,0.005
1982,1.9954,0.005
1983,1.99541,0.005
1984,1.99542,0.005
1985,1.99542,0.005
1986,1.99543,0.005
1987,1.99544,0.005
1988,1.99544,0.005
1989,1.99545,0.005
1990,1.99546,0.005
1991,1.99546,0.005
1992,1.99547,0.005
1993,1.99548,0.005
1994,1.99548,0.005
1995,1.99549,0.005
1996,1.99549,0.005
1997,1.9955,0.005
1998,1.99551,0.005
1999,1.99551,0.005
2000,1.99552,0.005
2001,1.99553,0.005
2002,1.99553,0.005
2003,1.99554,0.005
2004,1.99554,0.005
2005,1.99555,0.005
2006,1.99556,0.005
2007,1.99556,0.005
2008,1.99557,0.005
2009,1.99558,0.005
2010,1.99558,0.005
2011,1.99559,0.005
2012,1.99559,0.005
2013,1.9956,0.005
2014,1.99561,0.005
2015,1.99561,0.005
2016,1.99562,0.005
2017,1.99562,0.005
2018,1.99563,0.005
2019,1.99563,0.005
2020,1.99564,0.005
2021,1.99565,0.005
2022,1.99565,0.005
2023,1.99566,0.005
2024,1.99566,0.005
2025,1.99567,0.005
2026,1.99567,0.005
2027,1.99568,0.005
2028,1.99568,0.005
2029,1.99569,0.005
2030,1.9957,0.005
2031,1.9957,0.005
2032,1.99571,0.005
2033,1.99571,0.005
2034,1.99572,0.005
2035,1.99572,0.005
2036,1.99573,0.005
2037,1.99573,0.005
2038,1.99574,0.005
2039,1.99574,0.005
2040,1.99575,0.005
2041,1.99575,0.005
2042,1.99576,0.005
2043,1.99576,0.005
2044,1.99577,0.005
2045,1.99578,0.005
2046,1.99578,0.005
2047,1.99579,0.005
2048,1.99579,0.005
2049,1.9958,0.005
2050,1.9958,0.005
2051,1.99581,0.005
2052,1.99581,0.005
2053,1.99582,0.005
2054,1.99582,0.005
2055,1.99582,0.005
2056,1.99583,0.005
2057,1.99583,0.005
2058,1.99584,0.005
2059,1.99584,0.005
2060,1.99585,0.005
2061,1.99585,0.005
2062,1.99586,0.005
2063,1.99586,0.005
2064,1.99587,0.005
2065,1.99587,0.005
2066,1.99588,0.005
2067,1.99588,0.005
2068,1.99589,0.005
2069,1.99589,0.005
2070,1.9959,0.005
2071,1.9959,0.005
2072,1.9959,0.005
2073,1.99591,0.005
2074,1.99591,0.005
2075,1.99592,0.005
2076,1.99592,0.005
2077,1.99593,0.005
2078,1.99593,0.005
2079,1.99594,0.005
2080,1.99594,0.005
2081,1.99594,0.005
2082,1.99595,0.005
2083,1.99595,0.005
2084,1.99596,0.005
2085,1.99596,0.005
2086,1.99597,0.005
2087,1.99597,0.005
2088,1.99597,0.005
2089,1.99598,0.005
2090,1.99598,0.005
2091,1.99599,0.005
2092,1.99599,0.005
2093,1.99599,0.005
2094,1.996,0.005
2095,1.996,0.005
2096,1.99601,0.005
2097,1.99601,0.005
2098,1.99601,0.005
2099,1.99602,0.005
2100,1.99602,0.005
2101,1.99603,0.005
2102,1.99603,0.005
2103,1.99603,0.005
2104,1.99604,0.005
2105,1.99604,0.005
2106,1.99605,0.005
2107,1.99605,0.005
2108,1.99605,0.005
2109,1.99606,0.005
2110,1.99606,0.005
2111,1.99607,0.005
2112,1.99607,0.005
2113,1.99607,0.005
2114,1.99608,0.005
2115,1.99608,0.005
2116,1.99608,0.005
2117,1.99609,0.005
2118,1.99609,0.005
2119,1.99609,0.005
2120,1.9961,0.005
2121,1.9961,0.005
2122,1.99611,0.005
2123,1.99611,0.005
2124,1.99611,0.005
2125,1.99612,0.005
2126,1.99612,0.005
2127,1.99612,0.005
2128,1.99613,0.005
2129,1.99613,0.005
2130,1.99613,0.005
2131,1.99614,0.005
2132,1.99614,0.005
2133,1.99614,0.005
2134,1.99615,0.005
2135,1.99615,0.005
2136,1.99615,0.005
2137,1.99616,0.005
2138,1.99616,0.005
2139,1.99616,0.005
2140,1.99617,0.005
2141,1.99617,0.005
2142,1.99617,0.005
2143,1.99618,0.005
2144,1.99618,0.005
2145,1.99618,0.005
2146,1.99619,0.005
2147,1.99619,0.005
2148,1.99619,0.005
2149,1.9962,0.005
2150,1.9962,0.005
2151,1.9962,0.005
2152,1.99621,0.005
2153,1.99621,0.005
2154,1.99621,0.005
2155,1.99621,0.005
2156,1.99622,0.005
2157,1.99622,0.005
2158,1.99622,0.005
2159,1.99623,0.005
2160,1.99623,0.005
2161,1.99623,0.005
2162,1.99624,0.005
2163,1.99624,0.005
2164,1.99624,0.005
2165,1.99624,0.005
2166,1.99625,0.005
2167,1.99625,0.005
2168,1.99625,0.005
2169,1.99626,0.005
2170,1.99626,0.005
2171,1.99626,0.005
2172,1.99626,0.005
2173,1.99627,0.005
2174,1.99627,0.005
2175,1.99627,0.005
2176,1.99628,0.005
2177,1.99628,0.005
2178,1.99628,0.005
2179,1.99628,0.005
2180,1.99629,0.005
2181,1.99629,0.005
2182,1.99629,0.005
2183,1.99629,0.005
2184,1.9963,0.005
2185,1.9963,0.005
2186,1.9963,0.005
2187,1.99631,0.005
2188,1.99631,0.005
2189,1.99631,0.005
2190,1.99631,0.005
2191,1.99632,0.005
2192,1.99632,0.005
2193,1.99632,0.005
2194,1.99632,0.005
2195,1.99633,0.005
2196,1.99633,0.005
2197,1.99633,0.005
2198,1.99633,0.005
2199,1.99634,0.005
2200,1.99634,0.005
2201,1.99634,0.005
2202,1.99634,0.005
2203,1.99635,0.005
2204,1.99635,0.005
2205,1.99635,0.005
2206,1.99635,0.005
2207,1.99636,0.005
2208,1.99636,0.005
2209,1.99636,0.005
2210,1.99636,0.005
2211,1.99637,0.005
2212,1.99637,0.005
2213,1.99637,0.005
2214,1.99637,0.005
2215,1.99637,0.005
2216,1.99638,0.005
2217,1.99638,0.005
2218,1.99638,0.005
2219,1.99638,0.005
2220,1.99639,0.005
2221,1.99639,0.005
2222,1.99639,0.005
2223,1.99639,0.005
2224,1.9964,0.005
2225,1.9964,0.005
2226,1.9964,0.005
2227,1.9964,0.005
2228,1.9964,0.005
2229,1.99641,0.005
2230,1.99641,0.005
2231,1.99641,0.005
2232,1.99641,0.005
2233,1.99641,0.005
2234,1.99642,0.005
2235,1.99642,0.005
2236,1.99642,0.005
2237,1.99642,0.005
2238,1.99643,0.005
2239,1.99643,0.005
2240,1.99643,0.005
2241,1.99643,0.005
2242,1.99643,0.005
2243,1.99644,0.005
2244,1.99644,0.005
2245,1.99644,0.005
2246,1.99644,0.005
2247,1.99644,0.005
2248,1.99645,0.005
2249,1.99645,0.005
2250,1.99645,0.005
2251,1.99645,0.005
2252,1.99645,0.005
2253,1.99646,0.005
2254,1.99646,0.005
2255,1.99646,0.005
2256,1.99646,0.005
2257,1.99646,0.005
2258,1.99646,0.005
2259,1.99647,0.005
2260,1.99647,0.005
2261,1.99647,0.005
2262,1.99647,0.005
2263,1.99647,0.005
2264,1.99648,0.005
2265,1.99648,0.005
2266,1.99648,0.005
2267,1.99648,0.005
2268,1.99648,0.005
2269,1.99649,0.005
2270,1.99649,0.005
2271,1.99649,0.005
2272,1.99649,0.005
2273,1.99649,0.005
2274,1.99649,0.005
2275,1.9965,0.005
2276,1.9965,0.005
2277,1.9965,0.005
2278,1.9965,0.005
2279,1.9965,0.005
2280,1.9965,0.005
2281,1.99651,0.005
2282,1.99651,0.005
2283,1.99651,0.005
2284,1.99651,0.005
2285,1.99651,0.005
2286,1.99651,0.005
2287,1.99652,0.005
2288,1.99652,0.005
2289,1.99652,0.005
2290,1.99652,0.005
2291,1.99652,0.005
2292,1.99652,0.005
2293,1.99653,0.005
2294,1.99653,0.005
2295,1.99653,0.005
2296,1.99653,0.005
2297,1.99653,0.005
2298,1.99653,0.005
2299,1.99654,0.005
2300,1.99654,0.005
2301,1.99654,0.005
2302,1.99654,0.005
2303,1.99654,0.005
2304,1.99654,0.005
2305,1.99654,0.005
2306,1.99655,0.005
2307,1.99655,0.005
2308,1.99655,0.005
2309,1.99655,0.005
2310,1.99655,0.005
2311,1.99655,0.005
2312,1.99656,0.005
2313,1.99656,0.005
2314,1.99656,0.005
2315,1.99656,0.005
2316,1.99656,0.005
2317,1.99656,0.005
2318,1.99656,0.005
2319,1.99657,0.005
2320,1.99657,0.005
2321,1.99657,0.005
2322,1.99657,0.005
2323,1.99657,0.005
2324,1.99657,0.005
2325,1.99657,0.005
2326,1.99658,0.005
2327,1.99658,0.005
2328,1.99658,0.005
2329,1.99658,0.005
2330,1.99658,0.005
2331,1.99658,0.005
2332,1.99658,0.005
2333,1.99658,0.005
2334,1.99659,0.005
2335,1.99659,0.005
2336,1.99659,0.005
2337,1.99659,0.005
2338,1.99659,0.005
2339,1.99659,0.005
2340,1.99659,0.005
2341,1.9966,0.005
2342,1.9966,0.005
2343,1.9966,0.005
2344,1.9966,0.005
2345,1.9966,0.005
2346,1.9966,0.005
2347,1.9966,0.005
2348,1.9966,0.005
2349,1.99661,0.005
2350,1.99661,0.005
2351,1.99661,0.005
2352,1.99661,0.005
2353,1.99661,0.005
2354,1.99661,0.005
2355,1.99661,0.005
2356,1.99661,0.005
2357,1.99662,0.005
2358,1.99662,0.005
2359,1.99662,0.005
2360,1.99662,0.005
2361,1.99662,0.005
2362,1.99662,0.005
2363,1.99662,0.005
2364,1.99662,0.005
2365,1.99662,0.005
2366,1.99663,0.005
2367,1.99663,0.005
2368,1.99663,0.005
2369,1.99663,0.005
2370,1.99663,0.005
2371,1.99663,0.005
2372,1.99663,0.005
2373,1.99663,0.005
2374,1.99663,0.005
2375,1.99664,0.005
2376,1.99664,0.005
2377,1.99664,0.005
2378,1.99664,0.005
2379,1.99664,0.005
2380,1.99664,0.005
2381,1.99664,0.005
2382,1.99664,0.005
2383,1.99664,0.005
2384,1.99665,0.005
2385,1.99665,0.005
2386,1.99665,0.005
2387,1.99665,0.005
2388,1.99665,0.005
2389,1.99665,0.005
2390,1.99665,0.005
2391,1.99665,0.005
2392,1.99665,0.005
2393,1.99666,0.005
2394,1.99666,0.005
2395,1.99666,0.005
2396,1.99666,0.005
2397,1.99666,0.005
2398,1.99666,0.005
2399,1.99666,0.005
2400,1.99666,0.005
2401,1.99666,0.005
2402,1.99666,0.005
2403,1.99666,0.005
2404,1.99667,0.005
2405,1.99667,0.005
2406,1.99667,0.005
2407,1.99667,0.005
2408,1.99667,0.005
2409,1.99667,0.005
2410,1.99667,0.005
2411,1.99667,0.005
2412,1.99667,0.005
2413,1.99667,0.005
2414,1.99668,0.005
2415,1.99668,0.005
2416,1.99668,0.005
2417,1.99668,0.005
2418,1.99668,0.005
2419,1.99668,0.005
2420,1.99668,0.005
2421,1.99668,0.005
2422,1.99668,0.005
2423,1.99668,0.005
2424,1.99668,0.005
2425,1.99669,0.005
2426,1.99669,0.005
2427,1.99669,0.005
2428,1.99669,0.005
2429,1.99669,0.005
2430,1.99669,0.005
2431,1.99669,0.005
2432,1.99669,0.005
2433,1.99669,0.005
2434,1.99669,0.005
2435,1.99669,0.005
2436,1.99669,0.005
2437,1.9967,0.005
2438,1.9967,0.005
2439,1.9967,0.005
2440,1.9967,0.005
2441,1.9967,0.005
2442,1.9967,0.005
2443,1.9967,0.005
2444,1.9967,0.005
2445,1.9967,0.005
2446,1.9967,0.005
2447,1.9967,0.005
2448,1.9967,0.005
2449,1.99671,0.005
2450,1.99671,0.005
2451,1.99671,0.005
2452,1.99671,0.005
2453,1.99671,0.005
2454,1.99671,0.005
2455,1.99671,0.005
2456,1.99671,0.005
2457,1.99671,0.005
2458,1.99671,0.005
2459,1.99671,0.005
2460,1.99671,0.005
2461,1.99671,0.005
2462,1.99671,0.005
2463,1.99672,0.005
2464,1.99672,0.005
2465,1.99672,0.005
2466,1.99672,0.005
2467,1.99672,0.005
2468,1.99672,0.005
2469,1.99672,0.005
2470,1.99672,0.005
2471,1.99672,0.005
2472,1.99672,0.005
2473,1.99672,0.005
2474,1.99672,0.005
2475,1.99672,0.005
2476,1.99672,0.005
2477,1.99673,0.005
2478,1.99673,0.005
2479,1.99673,0.005
2480,1.99673,0.005
2481,1.99673,0.005
2482,1.99673,0.005
2483,1.99673,0.005
2484,1.99673,0.005
2485,1.99673,0.005
2486,1.99673,0.005
2487,1.99673,0.005
2488,1.99673,0.005
2489,1.99673,0.005
2490,1.99673,0.005
2491,1.99673,0.005
2492,1.99674,0.005
2493,1.99674,0.005
2494,1.99674,0.005
2495,1.99674,0.005
2496,1.99674,0.005
2497,1.99674,0.005
2498,1.99674,0.005
2499,1.99674,0.005
2500,1.99674,0.005
2501,1.99674,0.005
2502,1.99674,0.005
2503,1.99674,0.005
2504,1.99674,0.005
2505,1.99674,0.005
2506,1.99674,0.005
2507,1.99674,0.005
2508,1.99675,0.005
2509,1.99675,0.005
2510,1.99675,0.005
2511,1.99675,0.005
2512,1.99675,0.005
2513,1.99675,0.005
2514,1.99675,0.005
2515,1.99675,0.005
2516,1.99675,0.005
2517,1.99675,0.005
2518,1.99675,0.005
2519,1.99675,0.005
2520,1.99675,0.005
2521,1.99675,0.005
2522,1.99675,0.005
2523,1.99675,0.005
2524,1.99675,0.005
2525,1.99675,0.005
2526,1.99676,0.005
2527,1.99676,0.005
2528,1.99676,0.005
2529,1.99676,0.005
2530,1.99676,0.005
2531,1.99676,0.005
2532,1.99676,0.005
2533,1.99676,0.005
2534,1.99676,0.005
2535,1.99676,0.005
2536,1.99676,0.005
2537,1.99676,0.005
2538,1.99676,0.005
2539,1.99676,0.005
2540,1.99676,0.005
2541,1.99676,0.005
2542,1.99676,0.005
2543,1.99676,0.005
2544,1.99676,0.005
2545,1.99677,0.005
2546,1.99677,0.005
2547,1.99677,0.005
2548,1.99677,0.005
2549,1.99677,0.005
2550,1.99677,0.005
2551,1.99677,0.005
2552,1.99677,0.005
2553,1.99677,0.005
2554,1.99677,0.005
2555,1.99677,0.005
2556,1.99677,0.005
2557,1.99677,0.005
2558,1.99677,0.005
2559,1.99677,0.005
2560,1.99677,0.005
2561,1.99677,0.005
2562,1.99677,0.005
2563,1.99677,0.005
2564,1.99677,0.005
2565,1.99677,0.005
2566,1.99678,0.005
2567,1.99678,0.005
2568,1.99678,0.005
2569,1.99678,0.005
2570,1.99678,0.005
2571,1.99678,0.005
2572,1.99678,0.005
2573,1.99678,0.005
2574,1.99678,0.005
2575,1.99678,0.005
2576,1.99678,0.005
2577,1.99678,0.005
2578,1.99678,0.005
2579,1.99678,0.005
2580,1.99678,0.005
2581,1.99678,0.005
2582,1.99678,0.005
2583,1.99678,0.005
2584,1.99678,0.005
2585,1.99678,0.005
2586,1.99678,0.005
2587,1.99678,0.005
2588,1.99678,0.005
2589,1.99679,0.005
2590,1.99679,0.005
2591,1.99679,0.005
2592,1.99679,0.005
2593,1.99679,0.005
2594,1.99679,0.005
2595,1.99679,0.005
2596,1.99679,0.005
2597,1.99679,0.005
2598,1.99679,0.005
2599,1.99679,0.005
2600,1.99679,0.005
2601,1.99679,0.005
2602,1.99679,0.005
2603,1.99679,0.005
2604,1.99679,0.005
2605,1.99679,0.005
2606,1.99679,0.005
2607,1.99679,0.005
2608,1.99679,0.005
2609,1.99679,0.005
2610,1.99679,0.005
2611,1.99679,0.005
2612,1.99679,0.005
2613,1.99679,0.005
2614,1.99679,0.005
2615,1.9968,0.005
2616,1.9968,0.005
2617,1.9968,0.005
2618,1.9968,0.005
2619,1.9968,0.005
2620,1.9968,0.005
2621,1.9968,0.005
2622,1.9968,0.005
2623,1.9968,0.005
2624,1.9968,0.005
2625,1.9968,0.005
2626,1.9968,0.005
2627,1.9968,0.005
2628,1.9968,0.005
2629,1.9968,0.005
2630,1.9968,0.005
2631,1.9968,0.005
2632,1.9968,0.005
2633,1.9968,0.005
2634,1.9968,0.005
2635,1.9968,0.005
2636,1.9968,0.005
2637,1.9968,0.005
2638,1.9968,0.005
2639,1.9968,0.005
2640,1.9968,0.005
2641,1.9968,0.005
2642,1.9968,0.005
2643,1.9968,0.005
2644,1.9968,0.005
2645,1.99681,0.005
2646,1.99681,0.005
2647,1.99681,0.005
2648,1.99681,0.005
2649,1.99681,0.005
2650,1.99681,0.005
2651,1.99681,0.005
2652,1.99681,0.005
2653,1.99681,0.005
2654,1.99681,0.005
2655,1.99681,0.005
2656,1.99681,0.005
2657,1.99681,0.005
2658,1.99681,0.005
2659,1.99681,0.005
2660,1.99681,0.005
2661,1.99681,0.005
2662,1.99681,0.005
2663,1.99681,0.005
2664,1.99681,0.005
2665,1.99681,0.005
2666,1.99681,0.005
2667,1.99681,0.005
2668,1.99681,0.005
2669,1.99681,0.005
2670,1.99681,0.005
2671,1.99681,0.005
2672,1.99681,0.005
2673,1.99681,0.005
2674,1.99681,0.005
2675,1.99681,0.005
2676,1.99681,0.005
2677,1.99681,0.005
2678,1.99681,0.005
2679,1.99681,0.005
2680,1.99682,0.005
2681,1.99682,0.005
2682,1.99682,0.005
2683,1.99682,0.005
2684,1.99682,0.005
2685,1.99682,0.005
2686,1.99682,0.005
2687,1.99682,0.005
2688,1.99682,0.005
2689,1.99682,0.005
2690,1.99682,0.005
2691,1.99682,0.005
2692,1.99682,0.005
2693,1.99682,0.005
2694,1.99682,0.005
2695,1.99682,0.005
2696,1.99682,0.005
2697,1.99682,0.005
2698,1.99682,0.005
2699,1.99682,0.005
2700,1.99682,0.005
2701,1.99682,0.005
2702,1.99682,0.005
2703,1.99682,0.005
2704,1.99682,0.005
2705,1.99682,0.005
2706,1.99682,0.005
2707,1.99682,0.005
2708,1.99682,0.005
2709,1.99682,0.005
2710,1.99682,0.005
2711,1.99682,0.005
2712,1.99682,0.005
2713,1.99682,0.005
2714,1.99682,0.005
2715,1.99682,0.005
2716,1.99682,0.005
2717,1.99682,0.005
2718,1.99682,0.005
2719,1.99682,0.005
2720,1.99682,0.005
2721,1.99683,0.005
2722,1.99683,0.005
2723,1.99683,0.005
2724,1.99683,0.005
2725,1.99683,0.005
2726,1.99683,0.005
2727,1.99683,0.005
2728,1.99683,0.005
2729,1.99683,0.005
2730,1.99683,0.005
2731,1.99683,0.005
2732,1.99683,0.005
2733,1.99683,0.005
2734,1.99683,0.005
2735,1.99683,0.005
2736,1.99683,0.005
2737,1.99683,0.005
2738,1.99683,0.005
2739,1.99683,0.005
2740,1.99683,0.005
2741,1.99683,0.005
2742,1.99683,0.005
2743,1.99683,0.005
2744,1.99683,0.005
2745,1.99683,0.005
2746,1.99683,0.005
2747,1.99683,0.005
2748,1.99683,0.005
2749,1.99683,0.005
2750,1.99683,0.005
2751,1.99683,0.005
2752,1.99683,0.005
2753,1.99683,0.005
2754,1.99683,0.005
2755,1.99683,0.005
2756,1.99683,0.005
2757,1.99683,0.005
2758,1.99683,0.005
2759,1.99683,0.005
2760,1.99683,0.005
2761,1.99683,0.005
2762,1.99683,0.005
2763,1.99683,0.005
2764,1.99683,0.005
2765,1.99683,0.005
2766,1.99683,0.005
2767,1.99683,0.005
2768,1.99683,0.005
2769,1.99683,0.005
2770,1.99683,0.005
2771,1.99683,0.005
2772,1.99683,0.005
2773,1.99684,0.005
2774,1.99684,0.005
2775,1.99684,0.005
2776,1.99684,0.005
2777,1.99684,0.005
2778,1.99684,0.005
2779,1.99684,0.005
2780,1.99684,0.005
2781,1.99684,0.005
2782,1.99684,0.005
2783,1.99684,0.005
2784,1.99684,0.005
2785,1.99684,0.005
2786,1.99684,0.005
2787,1.99684,0.005
2788,1.99684,0.005
2789,1.99684,0.005
2790,1.99684,0.005
2791,1.99684,0.005
2792,1.99684,0.005
2793,1.99684,0.005
2794,1.99684,0.005
2795,1.99684,0.005
2796,1.99684,0.005
2797,1.99684,0.005
2798,1.99684,0.005
2799,1.99684,0.005
2800,1.99684,0.005
2801,1.99684,0.005
2802,1.99684,0.005
2803,1.99684,0.005
2804,1.99684,0.005
2805,1.99684,0.005
2806,1.99684,0.005
2807,1.99684,0.005
2808,1.99684,0.005
2809,1.99684,0.005
2810,1.99684,0.005
2811,1.99684,0.005
2812,1.99684,0.005
2813,1.99684,0.005
2814,1.99684,0.005
2815,1.99684,0.005
2816,1.99684,0.005
2817,1.99684,0.005
2818,1.99684,0.005
2819,1.99684,0.005
2820,1.99684,0.005
2821,1.99684,0.005
2822,1.99684,0.005
2823,1.99684,0.005
2824,1.99684,0.005
2825,1.99684,0.005
2826,1.99684,0.005
2827,1.99684,0.005
2828,1.99684,0.005
2829,1.99684,0.005
2830,1.99684,0.005
2831,1.99684,0.005
2832,1.99684,0.005
2833,1.99684,0.005
2834,1.99684,0.005
2835,1.99684,0.005
2836,1.99684,0.005
2837,1.99684,0.005
2838,1.99684,0.005
2839,1.99684,0.005
2840,1.99684,0.005
2841,1.99684,0.005
2842,1.99685,0.005
2843,1.99685,0.005
2844,1.99685,0.005
2845,1.99685,0.005
2846,1.99685,0.005
2847,1.99685,0.005
2848,1.99685,0.005
2849,1.99685,0.005
2850,1.99685,0.005
2851,1.99685,0.005
2852,1.99685,0.005
2853,1.99685,0.005
2854,1.99685,0.005
2855,1.99685,0.005
2856,1.99685,0.005
2857,1.99685,0.005
2858,1.99685,0.005
2859,1.99685,0.005
2860,1.99685,0.005
2861,1.99685,0.005
2862,1.99685,0.005
2863,1.99685,0.005
2864,1.99685,0.005
2865,1.99685,0.005
2866,1.99685,0.005
2867,1.99685,0.005
2868,1.99685,0.005
2869,1.99685,0.005
2870,1.99685,0.005
2871,1.99685,0.005
2872,1.99685,0.005
2873,1.99685,0.005
2874,1.99685,0.005
2875,1.99685,0.005
2876,1.99685,0.005
2877,1.99685,0.005
2878,1.99685,0.005
2879,1.99685,0.005
2880,1.99685,0.005
2881,1.99685,0.005
2882,1.99685,0.005
2883,1.99685,0.005
2884,1.99685,0.005
2885,1.99685,0.005
2886,1.99685,0.005
2887,1.99685,0.005
2888,1.99685,0.005
2889,1.99685,0.005
2890,1.99685,0.005
2891,1.99685,0.005
2892,1.99685,0.005
2893,1.99685,0.005
2894,1.99685,0.005
2895,1.99685,0.005
2896,1.99685,0.005
2897,1.99685,0.005
2898,1.99685,0.005
2899,1.99685,0.005
2900,1.99685,0.005
2901,1.99685,0.005
2902,1.99685,0.005
2903,1.99685,0.005
2904,1.99685,0.005
2905,1.99685,0.005
2906,1.99685,0.005
2907,1.99685,0.005
2908,1.99685,0.005
2909,1.99685,0.005
2910,1.99685,0.005
2911,1.99685,0.005
2912,1.99685,0.005
2913,1.99685,0.005
2914,1.99685,0.005
2915,1.99685,0.005
2916,1.99685,0.005
2917,1.99685,0.005
2918,1.99685,0.005
2919,1.99685,0.005
2920,1.99685,0.005
2921,1.99685,0.005
2922,1.99685,0.005
2923,1.99685,0.005
2924,1.99685,0.005
2925,1.99685,0.005
2926,1.99685,0.005
2927,1.99685,0.005
2928,1.99685,0.005
2929,1.99685,0.005
2930,1.99685,0.005
2931,1.99685,0.005
2932,1.99685,0.005
2933,1.99685,0.005
2934,1.99685,0.005
2935,1.99685,0.005
2936,1.99685,0.005
2937,1.99685,0.005
2938,1.99685,0.005
2939,1.99685,0.005
2940,1.99685,0.005
2941,1.99685,0.005
2942,1.99686,0.005
2943,1.99686,0.005
2944,1.99686,0.005
2945,1.99686,0.005
2946,1.99686,0.005
2947,1.99686,0.005
2948,1.99686,0.005
2949,1.99686,0.005
2950,1.99686,0.005
2951,1.99686,0.005
2952,1.99686,0.005
2953,1.99686,0.005
2954,1.99686,0.005
2955,1.99686,0.005
2956,1.99686,0.005
2957,1.99686,0.005
2958,1.99686,0.005
2959,1.99686,0.005
2960,1.99686,0.005
2961,1.99686,0.005
2962,1.99686,0.005
2963,1.99686,0.005
2964,1.99686,0.005
2965,1.99686,0.005
2966,1.99686,0.005
2967,1.99686,0.005
2968,1.99686,0.005
2969,1.99686,0.005
2970,1.99686,0.005
2971,1.99686,0.005
2972,1.99686,0.005
2973,1.99686,0.005
2974,1.99686,0.005
2975,1.99686,0.005
2976,1.99686,0.005
2977,1.99686,0.005
2978,1.99686,0.005
2979,1.99686,0.005
2980,1.99686,0.005
2981,1.99686,0.005
2982,1.99686,0.005
2983,1.99686,0.005
2984,1.99686,0.005
2985,1.99686,0.005
2986,1.99686,0.005
2987,1.99686,0.005
2988,1.99686,0.005
2989,1.99686,0.005
2990,1.99686,0.005
2991,1.99686,0.005
2992,1.99686,0.005
2993,1.99686,0.005
2994,1.99686,0.005
2995,1.99686,0.005
2996,1.99686,0.005
2997,1.99686,0.005
2998,1.99686,0.005
2999,1.99686,0.005
3000,1.99686,0.005
3001,1.99686,0.005
3002,1.99686,0.005
3003,1.99686,0.005
3004,1.99686,0.005
3005,1.99686,0.005
3006,1.99686,0.005
3007,1.99686,0.005
3008,1.99686,0.005
3009,1.99686,0.005
3010,1.99686,0.005
3011,1.99686,0.005
3012,1.99686,0.005
3013,1.99686,0.005
3014,1.99686,0.005
3015,1.99686,0.005
3016,1.99686,0.005
3017,1.99686,0.005
3018,1.99686,0.005
3019,1.99686,0.005
3020,1.99686,0.005
3021,1.99686,0.005
3022,1.99686,0.005
3023,1.99686,0.005
3024,1.99686,0.005
3025,1.99686,0.005
3026,1.99686,0.005
3027,1.99686,0.005
3028,1.99686,0.005
3029,1.99686,0.005
3030,1.99686,0.005
3031,1.99686,0.005
3032,1.99686,0.005
3033,1.99686,0.005
3034,1.99686,0.005
3035,1.99686,0.005
3036,1.99686,0.005
3037,1.99686,0.005
3038,1.99686,0.005
3039,1.99686,0.005
3040,1.99686,0.005
3041,1.99686,0.005
3042,1.99686,0.005
3043,1.99686,0.005
3044,1.99686,0.005
3045,1.99686,0.005
3046,1.99686,0.005
3047,1.99686,0.005
3048,1.99686,0.005
3049,1.99686,0.005
3050,1.99686,0.005
3051,1.99686,0.005
3052,1.99686,0.005
3053,1.99686,0.005
3054,1.99686,0.005
3055,1.99686,0.005
3056,1.99686,0.005
3057,1.99686,0.005
3058,1.99686,0.005
3059,1.99686,0.005
3060,1.99686,0.005
3061,1.99686,0.005
3062,1.99686,0.005
3063,1.99686,0.005
3064,1.99686,0.005
3065,1.99686,0.005
3066,1.99686,0.005
3067,1.99686,0.005
3068,1.99686,0.005
3069,1.99686,0.005
3070,1.99686,0.005
3071,1.99686,0.005
3072,1.99686,0.005
3073,1.99686,0.005
3074,1.99686,0.005
3075,1.99686,0.005
3076,1.99686,0.005
3077,1.99686,0.005
3078,1.99686,0.005
3079,1.99686,0.005
3080,1.99686,0.005
3081,1.99686,0.005
3082,1.99686,0.005
3083,1.99686,0.005
3084,1.99686,0.005
3085,1.99686,0.005
3086,1.99686,0.005
3087,1.99686,0.005
3088,1.99686,0.005
3089,1.99686,0.005
3090,1.99686,0.005
3091,1.99686,0.005
3092,1.99686,0.005
3093,1.99686,0.005
3094,1.99686,0.005
3095,1.99686,0.005
3096,1.99686,0.005
3097,1.99686,0.005
3098,1.99686,0.005
3099,1.99686,0.005
3100,1.99686,0.005
3101,1.99686,0.005
3102,1.99686,0.005
3103,1.99686,0.005
3104,1.99686,0.005
3105,1.99686,0.005
3106,1.99686,0.005
3107,1.99686,0.005
3108,1.99686,0.005
3109,1.99686,0.005
3110,1.99686,0.005
3111,1.99686,0.005
3112,1.99686,0.005
3113,1.99686,0.005
3114,1.99686,0.005
3115,1.99686,0.005
3116,1.99686,0.005
3117,1.99686,0.005
3118,1.99686,0.005
3119,1.99686,0.005
3120,1.99686,0.005
3121,1.99686,0.005
3122,1.99686,0.005
3123,1.99686,0.005
3124,1.99687,0.005
3125,1.99687,0.005
3126,1.99687,0.005
3127,1.99687,0.005
3128,1.99687,0.005
3129,1.99687,0.005
3130,1.99687,0.005
3131,1.99687,0.005
3132,1.99687,0.005
3133,1.99687,0.005
3134,1.99687,0.005
3135,1.99687,0.005
3136,1.99687,0.005
3137,1.99687,0.005
3138,1.99687,0.005
3139,1.99687,0.005
3140,1.99687,0.005
3141,1.99687,0.005
3142,1.99687,0.005
3143,1.99687,0.005
3144,1.99687,0.005
3145,1.99687,0.005
3146,1.99687,0.005
3147,1.99687,0.005
3148,1.99687,0.005
3149,1.99687,0.005
3150,1.99687,0.005
3151,1.99687,0.005
3152,1.99687,0.005
3153,1.99687,0.005
3154,1.99687,0.005
3155,1.99687,0.005
3156,1.99687,0.005
3157,1.99687,0.005
3158,1.99687,0.005
3159,1.99687,0.005
3160,1.99687,0.005
3161,1.99687,0.005
3162,1.99687,0.005
3163,1.99687,0.005
3164,1.99687,0.005
3165,1.99687,0.005
3166,1.99687,0.005
3167,1.99687,0.005
3168,1.99687,0.005
3169,1.99687,0.005
3170,1.99687,0.005
3171,1.99687,0.005
3172,1.99687,0.005
3173,1.99687,0.005
3174,1.99687,0.005
3175,1.99687,0.005
3176,1.99687,0.005
3177,1.99687,0.005
3178,1.99687,0.005
3179,1.99687,0.005
3180,1.99687,0.005
3181,1.99687,0.005
3182,1.99687,0.005
3183,1.99687,0.005
3184,1.99687,0.005
3185,1.99687,0.005
3186,1.99687,0.005
3187,1.99687,0.005
3188,1.99687,0.005
3189,1.99687,0.005
3190,1.99687,0.005
3191,1.99687,0.005
3192,1.99687,0.005
3193,1.99687,0.005
3194,1.99687,0.005
3195,1.99687,0.005
3196,1.99687,0.005
3197,1.99687,0.005
3198,1.99687,0.005
3199,1.99687,0.005
3200,1.99687,0.005
3201,1.99687,0.005
3202,1.99687,0.005
3203,1.99687,0.005
3204,1.99687,0.005
3205,1.99687,0.005
3206,1.99687,0.005
3207,1.99687,0.005
3208,1.99687,0.005
3209,1.99687,0.005
3210,1.99687,0.005
3211,1.99687,0.005
3212,1.99687,0.005
3213,1.99687,0.005
3214,1.99687,0.005
3215,1.99687,0.005
3216,1.99687,0.005
3217,1.99687,0.005
3218,1.99687,0.005
3219,1.99687,0.005
3220,1.99687,0.005
3221,1.99687,0.005
3222,1.99687,0.005
3223,1.99687,0.005
3224,1.99687,0.005
3225,1.99687,0.005
3226,1.99687,0.005
3227,1.99687,0.005
3228,1.99687,0.005
3229,1.99687,0.005
3230,1.99687,0.005
3231,1.99687,0.005
3232,1.99687,0.005
3233,1.99687,0.005
3234,1.99687,0.005
3235,1.99687,0.005
3236,1.99687,0.005
3237,1.99687,0.005
3238,1.99687,0.005
3239,1.99687,0.005
3240,1.99687,0.005
3241,1.99687,0.005
3242,1.99687,0.005
3243,1.99687,0.005
3244,1.99687,0.005
3245,1.99687,0.005
3246,1.99687,0.005
3247,1.99687,0.005
3248,1.99687,0.005
3249,1.99687,0.005
3250,1.99687,0.005
3251,1.99687,0.005
3252,1.99687,0.005
3253,1.99687,0.005
3254,1.99687,0.005
3255,1.99687,0.005
3256,1.99687,0.005
3257,1.99687,0.005
3258,1.99687,0.005
3259,1.99687,0.005
3260,1.99687,0.005
3261,1.99687,0.005
3262,1.99687,0.005
3263,1.99687,0.005
3264,1.99687,0.005
3265,1.99687,0.005
3266,1.99687,0.005
3267,1.99687,0.005
3268,1.99687,0.005
3269,1.99687,0.005
3270,1.99687,0.005
3271,1.99687,0.005
3272,1.99687,0.005
3273,1.99687,0.005
3274,1.99687,0.005
3275,1.99687,0.005
3276,1.99687,0.005
3277,1.99687,0.005
3278,1.99687,0.005
3279,1.99687,0.005
3280,1.99687,0.005
3281,1.99687,0.005
3282,1.99687,0.005
3283,1.99687,0.005
3284,1.99687,0.005
3285,1.99687,0.005
3286,1.99687,0.005
3287,1.99687,0.005
3288,1.99687,0.005
3289,1.99687,0.005
3290,1.99687,0.005
3291,1.99687,0.005
3292,1.99687,0.005
3293,1.99687,0.005
3294,1.99687,0.005
3295,1.99687,0.005
3296,1.99687,0.005
3297,1.99687,0.005
3298,1.99687,0.005
3299,1.99687,0.005
3300,1.99687,0.005
3301,1.99687,0.005
3302,1.99687,0.005
3303,1.99687,0.005
3304,1.99687,0.005
3305,1.99687,0.005
3306,1.99687,0.005
3307,1.99687,0.005
3308,1.99687,0.005
3309,1.99687,0.005
3310,1.99687,0.005
3311,1.99687,0.005
3312,1.99687,0.005
3313,1.99687,0.005
3314,1.99687,0.005
3315,1.99687,0.005
3316,1.99687,0.005
3317,1.99687,0.005
3318,1.99687,0.005
3319,1.99687,0.005
3320,1.99687,0.005
3321,1.99687,0.005
3322,1.99687,0.005
3323,1.99687,0.005
3324,1.99687,0.005
3325,1.99687,0.005
3326,1.99687,0.005
3327,1.99687,0.005
3328,1.99687,0.005
3329,1.99687,0.005
3330,1.99687,0.005
3331,1.99687,0.005
3332,1.99687,0.005
3333,1.99687,0.005
3334,1.99687,0.005
3335,1.99687,0.005
3336,1.99687,0.005
3337,1.99687,0.005
3338,1.99687,0.005
3339,1.99687,0.005
3340,1.99687,0.005
3341,1.99687,0.005
3342,1.99687,0.005
3343,1.99687,0.005
3344,1.99687,0.005
3345,1.99687,0.005
3346,1.99687,0.005
3347,1.99687,0.005
3348,1.99687,0.005
3349,1.99687,0.005
3350,1.99687,0.005
3351,1.99687,0.005
3352,1.99687,0.005
3353,1.99687,0.005
3354,1.99687,0.005
3355,1.99687,0.005
3356,1.99687,0.005
3357,1.99687,0.005
3358,1.99687,0.005
3359,1.99687,0.005
3360,1.99687,0.005
3361,1.99687,0.005
3362,1.99687,0.005
3363,1.99687,0.005
3364,1.99687,0.005
3365,1.99687,0.005
3366,1.99687,0.005
3367,1.99687,0.005
3368,1.99687,0.005
3369,1.99687,0.005
3370,1.99687,0.005
3371,1.99687,0.005
3372,1.99687,0.005
3373,1.99687,0.005
3374,1.99687,0.005
3375,1.99687,0.005
3376,1.99687,0.005
3377,1.99687,0.005
3378,1.99687,0.005
3379,1.99687,0.005
3380,1.99687,0.005
3381,1.99687,0.005
3382,1.99687,0.005
3383,1.99687,0.005
3384,1.99687,0.005
3385,1.99687,0.005
3386,1.99687,0.005
3387,1.99687,0.005
3388,1.99687,0.005
3389,1.99687,0.005
3390,1.99687,0.005
3391,1.99687,0.005
3392,1.99687,0.005
3393,1.99687,0.005
3394,1.99687,0.005
3395,1.99687,0.005
3396,1.99687,0.005
3397,1.99687,0.005
3398,1.99687,0.005
3399,1.99687,0.005
3400,1.99687,0.005
3401,1.99687,0.005
3402,1.99687,0.005
3403,1.99687,0.005
3404,1.99687,0.005
3405,1.99687,0.005
3406,1.99687,0.005
3407,1.99687,0.005
3408,1.99687,0.005
3409,1.99687,0.005
3410,1.99687,0.005
3411,1.99687,0.005
3412,1.99687,0.005
3413,1.99687,0.005
3414,1.99687,0.005
3415,1.99687,0.005
3416,1.99687,0.005
3417,1.99687,0.005
3418,1.99687,0.005
3419,1.99687,0.005
3420,1.99687,0.005
3421,1.99687,0.005
3422,1.99687,0.005
3423,1.99687,0.005
3424,1.99687,0.005
3425,1.99687,0.005
3426,1.99687,0.005
3427,1.99687,0.005
3428,1.99687,0.005
3429,1.99687,0.005
3430,1.99687,0.005
3431,1.99687,0.005
3432,1.99687,0.005
3433,1.99687,0.005
3434,1.99687,0.005
3435,1.99687,0.005
3436,1.99687,0.005
3437,1.99687,0.005
3438,1.99687,0.005
3439,1.99687,0.005
3440,1.99687,0.005
3441,1.99687,0.005
3442,1.99687,0.005
3443,1.99687,0.005
3444,1.99687,0.005
3445,1.99687,0.005
3446,1.99687,0.005
3447,1.99687,0.005
3448,1.99687,0.005
3449,1.99687,0.005
3450,1.99687,0.005
3451,1.99687,0.005
3452,1.99687,0.005
3453,1.99687,0.005
3454,1.99687,0.005
3455,1.99687,0.005
3456,1.99687,0.005
3457,1.99687,0.005
3458,1.99687,0.005
3459,1.99687,0.005
3460,1.99687,0.005
3461,1.99687,0.005
3462,1.99687,0.005
3463,1.99687,0.005
3464,1.99687,0.005
3465,1.99687,0.005
3466,1.99687,0.005
3467,1.99687,0.005
3468,1.99687,0.005
3469,1.99687,0.005
3470,1.99687,0.005
3471,1.99687,0.005
3472,1.99687,0.005
3473,1.99687,0.005
3474,1.99687,0.005
3475,1.99687,0.005
3476,1.99687,0.005
3477,1.99687,0.005
3478,1.99687,0.005
3479,1.99687,0.005
3480,1.99687,0.005
3481,1.99687,0.005
3482,1.99687,0.005
3483,1.99687,0.005
3484,1.99687,0.005
3485,1.99687,0.005
3486,1.99687,0.005
3487,1.99687,0.005
3488,1.99687,0.005
3489,1.99687,0.005
3490,1.99687,0.005
3491,1.99687,0.005
3492,1.99687,0.005
3493,1.99687,0.005
3494,1.99687,0.005
3495,1.99687,0.005
3496,1.99687,0.005
3497,1.99687,0.005
3498,1.99687,0.005
3499,1.99687,0.005
3500,1.99687,0.005
3501,1.99687,0.005
3502,1.99687,0.005
3503,1.99687,0.005
3504,1.99687,0.005
3505,1.99687,0.005
3506,1.99687,0.005
3507,1.99687,0.005
3508,1.99687,0.005
3509,1.99687,0.005
3510,1.99687,0.005
3511,1.99687,0.005
3512,1.99687,0.005
3513,1.99687,0.005
3514,1.99687,0.005
3515,1.99687,0.005
3516,1.99687,0.005
3517,1.99687,0.005
3518,1.99687,0.005
3519,1.99687,0.005
3520,1.99687,0.005
3521,1.99687,0.005
3522,1.99687,0.005
3523,1.99687,0.005
3524,1.99687,0.005
3525,1.99687,0.005
3526,1.99687,0.005
3527,1.99687,0.005
3528,1.99687,0.005
3529,1.99687,0.005
3530,1.99687,0.005
3531,1.99687,0.005
3532,1.99687,0.005
3533,1.99687,0.005
3534,1.99687,0.005
3535,1.99687,0.005
3536,1.99687,0.005
3537,1.99687,0.005
3538,1.99687,0.005
3539,1.99687,0.005
3540,1.99687,0.005
3541,1.99687,0.005
3542,1.99687,0.005
3543,1.99687,0.005
3544,1.99687,0.005
3545,1.99687,0.005
3546,1.99687,0.005
3547,1.99687,0.005
3548,1.99687,0.005
3549,1.99687,0.005
3550,1.99687,0.005
3551,1.99687,0.005
3552,1.99687,0.005
3553,1.99687,0.005
3554,1.99687,0.005
3555,1.99687,0.005
3556,1.99687,0.005
3557,1.99687,0.005
3558,1.99687,0.005
3559,1.99687,0.005
3560,1.99687,0.005
3561,1.99687,0.005
3562,1.99687,0.005
3563,1.99687,0.005
3564,1.99687,0.005
3565,1.99687,0.005
3566,1.99687,0.005
3567,1.99687,0.005
3568,1.99687,0.005
3569,1.99687,0.005
3570,1.99687,0.005
3571,1.99687,0.005
3572,1.99687,0.005
3573,1.99687,0.005
3574,1.99687,0.005
3575,1.99687,0.005
3576,1.99687,0.005
3577,1.99687,0.005
3578,1.99687,0.005
3579,1.99687,0.005
3580,1.99687,0.005
3581,1.99687,0.005
3582,1.99687,0.005
3583,1.99687,0.005
3584,1.99687,0.005
3585,1.99687,0.005
3586,1.99687,0.005
3587,1.99687,0.005
3588,1.99687,0.005
3589,1.99687,0.005
3590,1.99687,0.005
3591,1.99687,0.005
3592,1.99687,0.005
3593,1.99687,0.005
3594,1.99687,0.005
3595,1.99687,0.005
3596,1.99687,0.005
3597,1.99687,0.005
3598,1.99687,0.005
3599,1.99687,0.005
3600,1.99687,0.005
